slug,slot_id,slot_type,file,line,status
concert-tax,,editorial-line,old/_workbench/concert-tax-cards.html,237,closed-superseded
concert-tax,,editorial-line,old/_workbench/concert-tax-cards.html,403,closed-superseded
concert-tax,,editorial-line,old/_workbench/concert-tax-cards.html,448,closed-superseded
concert-tax,,editorial-line,old/_workbench/concert-tax-cards.html,463,closed-superseded
concert-tax,,editorial-line,old/_workbench/concert-tax-cards.html,565,closed-superseded
concert-tax,,editorial-line,_data/archive/concert-tax-index.html,651,closed-superseded
concert-tax,,editorial-line,_data/archive/concert-tax-index.html,863,closed-superseded
concert-tax,,editorial-line,_data/archive/concert-tax-index-v2.html,698,closed-superseded
concert-tax,,editorial-line,_data/archive/concert-tax-index-v2.html,918,closed-superseded
concert-tax,,body-copy,_data/archive/concet-index-old.html,433,closed-superseded
concert-tax,,editorial-line,_data/archive/concet-index-old.html,471,closed-superseded
concert-tax,,body-copy,_data/archive/concet-index-old.html,594,closed-superseded
concert-tax,,editorial-line,_data/archive/concet-index-old.html,652,closed-superseded
concert-tax,,editorial-line,_data/archive/concet-index-old.html,693,closed-superseded
concert-tax,,editorial-line,_data/archive/concet-index-old.html,706,closed-superseded
concert-tax,,body-copy,_data/archive/concet-index-old.html,718,closed-superseded
concert-tax,,body-copy,_data/archive/concet-index-old.html,794,closed-superseded
concert-tax,,editorial-line,_data/archive/concet-index-old.html,865,closed-superseded
concert-tax,,body-copy,_data/archive/concet-index-old.html,877,closed-superseded
concert-tax,,other-copy,_data/archive/concet-index-old.html,984,closed-superseded
concert-tax,,other-copy,_data/archive/concert-tax-COPY-DRAFT-2026-04-27.md,5,closed-superseded
concert-tax,,other-copy,_data/archive/concert-tax-COPY-DRAFT-2026-04-27.md,21,closed-superseded
concert-tax,,other-copy,_data/archive/concert-tax-COPY-DRAFT-2026-04-27.md,33,closed-superseded
concert-tax,,other-copy,_data/archive/concert-tax-COPY-DRAFT-2026-04-27.md,49,closed-superseded
concert-tax,,other-copy,_data/archive/concert-tax-COPY-DRAFT-2026-04-27.md,56,closed-superseded
concert-tax,,other-copy,_data/archive/concert-tax-COPY-DRAFT-2026-04-27.md,66,closed-superseded
concert-tax,,body-copy,_data/archive/concert-tax-COPY-DRAFT-2026-04-27.md,83,closed-superseded
concert-tax,,other-copy,_data/archive/concert-tax-COPY-DRAFT-2026-04-27.md,97,closed-superseded
concert-tax,,other-copy,_data/archive/concert-tax-COPY-DRAFT-2026-04-27.md,107,closed-superseded
concert-tax,,other-copy,_data/archive/concert-tax-COPY-DRAFT-2026-04-27.md,119,closed-superseded
concert-tax,,other-copy,_data/archive/concert-tax-COPY-DRAFT-2026-04-27.md,123,closed-superseded
concert-tax,,other-copy,_data/archive/concert-tax-COPY-DRAFT-2026-04-27.md,135,closed-superseded
concert-tax,,other-copy,_data/archive/concert-tax-COPY-DRAFT-2026-04-27.md,143,closed-superseded
concert-tax,,other-copy,_data/archive/concert-tax-COPY-DRAFT-2026-04-27.md,158,closed-superseded
concert-tax,,other-copy,_data/archive/concert-tax-COPY-DRAFT-2026-04-27.md,172,closed-superseded
concert-tax,,other-copy,_data/archive/concert-tax-COPY-DRAFT-2026-04-27.md,189,closed-superseded
concert-tax,,other-copy,_data/archive/concert-tax-COPY-DRAFT-2026-04-27.md,231,closed-superseded
concert-tax,,other-copy,_data/archive/concert-tax-COPY-DRAFT-2026-04-27.md,283,closed-superseded
concert-tax,,other-copy,_data/archive/concert-tax-COPY-DRAFT-2026-04-27.md,293,closed-superseded
concert-tax,,other-copy,_data/archive/concert-tax-COPY-DRAFT-2026-04-27.md,300,closed-superseded
gay-uncles,MS-1,other-copy,old/gay-uncles/index.new-2026-07-21.html,744,written-flagged
gay-uncles,MS-2,other-copy,old/gay-uncles/index.new-2026-07-21.html,758,written-flagged
gay-uncles,MS-3,other-copy,old/gay-uncles/index.new-2026-07-21.html,778,open
gay-uncles,M-2,other-copy,old/gay-uncles/index.new-2026-07-21.html,921,open
gay-uncles,M-3,other-copy,old/gay-uncles/index.new-2026-07-21.html,948,open
gay-uncles,,body-copy,old/gay-uncles/index.new-2026-07-21.html,967,open
gay-uncles,,other-copy,old/gay-uncles/index.new-2026-07-21.html,980,open
gay-uncles,,other-copy,old/gay-uncles/index.new-2026-07-21.html,981,open
gay-uncles,,other-copy,old/gay-uncles/index.new-2026-07-21.html,1082,open
gay-uncles,,other-copy,old/gay-uncles/index.new-2026-07-21.html,1095,open
gay-uncles,,other-copy,old/gay-uncles/index.new-2026-07-21.html,1107,open
gay-uncles,YM-2,other-copy,old/gay-uncles/index.new-2026-07-21.html,1109,open
gay-uncles,,other-copy,old/gay-uncles/index.new-2026-07-21.html,1119,open
gay-uncles,,other-copy,old/gay-uncles/index.new-2026-07-21.html,1135,open
gay-uncles,,brief-reference,_data/archive/big-black-love-BULLETS-2026-04-27.md,13,spec-reference
gay-uncles,,brief-reference,_data/archive/big-black-love-BULLETS-2026-04-27.md,17,spec-reference
gay-uncles,,brief-reference,_data/archive/big-black-love-BULLETS-2026-04-27.md,28,spec-reference
gay-uncles,,brief-reference,_data/archive/big-black-love-BULLETS-2026-04-27.md,39,spec-reference
gay-uncles,,brief-reference,_data/archive/big-black-love-BULLETS-2026-04-27.md,44,spec-reference
gay-uncles,,brief-reference,_data/archive/big-black-love-BULLETS-2026-04-27.md,51,spec-reference
gay-uncles,,brief-reference,_data/archive/big-black-love-BULLETS-2026-04-27.md,64,spec-reference
gay-uncles,,brief-reference,_data/archive/big-black-love-BULLETS-2026-04-27.md,67,spec-reference
gay-uncles,,brief-reference,_data/archive/big-black-love-BULLETS-2026-04-27.md,69,spec-reference
gay-uncles,,brief-reference,_data/archive/big-black-love-BULLETS-2026-04-27.md,71,spec-reference
gay-uncles,,brief-reference,_data/archive/big-black-love-BULLETS-2026-04-27.md,72,spec-reference
gay-uncles,,brief-reference,_data/archive/big-black-love-BULLETS-2026-04-27.md,76,spec-reference
gay-uncles,,brief-reference,_data/archive/big-black-love-BULLETS-2026-04-27.md,81,spec-reference
gay-uncles,,brief-reference,_data/archive/big-black-love-BULLETS-2026-04-27.md,91,spec-reference
gay-uncles,,brief-reference,_data/archive/big-black-love-BULLETS-2026-04-27.md,97,spec-reference
gay-uncles,,brief-reference,_data/archive/BLACK-GAY-GEOGRAPHY-BRIEF-v2.md_ARCHIVED,239,spec-reference
gay-uncles,,brief-reference,_data/archive/BLACK-GAY-GEOGRAPHY-BRIEF-v2.md_ARCHIVED,296,spec-reference
gay-uncles,MS-1,other-copy,_data/archive/gay-uncles-index-2026-05.html,973,written-flagged
gay-uncles,MS-2,other-copy,_data/archive/gay-uncles-index-2026-05.html,985,written-flagged
gay-uncles,MS-3,pull-quote,_data/archive/gay-uncles-index-2026-05.html,1000,open
gay-uncles,M-2,editorial-line,_data/archive/gay-uncles-index-2026-05.html,1113,open
gay-uncles,M-3,editorial-line,_data/archive/gay-uncles-index-2026-05.html,1137,open
gay-uncles,,body-copy,_data/archive/gay-uncles-index-2026-05.html,1148,open
gay-uncles,,section-headline,_data/archive/gay-uncles-index-2026-05.html,1163,open
gay-uncles,,body-copy,_data/archive/gay-uncles-index-2026-05.html,1164,open
gay-uncles,,body-copy,_data/archive/gay-uncles-index-2026-05.html,1243,open
gay-uncles,,body-copy,_data/archive/gay-uncles-index-2026-05.html,1259,open
gay-uncles,,body-copy,_data/archive/gay-uncles-index-2026-05.html,1271,open
gay-uncles,YM-2,other-copy,_data/archive/gay-uncles-index-2026-05.html,1273,open
gay-uncles,,other-copy,_data/archive/gay-uncles-index-2026-05.html,1282,open
gay-uncles,,other-copy,_data/archive/gay-uncles-index-2026-05.html,1297,open
gay-uncles,MS-1,other-copy,_data/archive/gay-uncles-draft-2026-07.html,1116,written-flagged
gay-uncles,MS-2,other-copy,_data/archive/gay-uncles-draft-2026-07.html,1128,written-flagged
gay-uncles,MS-3,pull-quote,_data/archive/gay-uncles-draft-2026-07.html,1143,open
gay-uncles,MS-A,other-copy,_data/archive/gay-uncles-draft-2026-07.html,1156,open
gay-uncles,MS-B,other-copy,_data/archive/gay-uncles-draft-2026-07.html,1157,open
gay-uncles,MS-C,other-copy,_data/archive/gay-uncles-draft-2026-07.html,1158,open
gay-uncles,MS-D,other-copy,_data/archive/gay-uncles-draft-2026-07.html,1159,open
gay-uncles,M-2,editorial-line,_data/archive/gay-uncles-draft-2026-07.html,1261,open
gay-uncles,M-3,editorial-line,_data/archive/gay-uncles-draft-2026-07.html,1285,open
gay-uncles,,body-copy,_data/archive/gay-uncles-draft-2026-07.html,1299,open
gay-uncles,,section-headline,_data/archive/gay-uncles-draft-2026-07.html,1392,open
gay-uncles,,body-copy,_data/archive/gay-uncles-draft-2026-07.html,1393,open
gay-uncles,,body-copy,_data/archive/gay-uncles-draft-2026-07.html,1394,open
gay-uncles,,body-copy,_data/archive/gay-uncles-draft-2026-07.html,1410,open
gay-uncles,HG-1,body-copy,_data/archive/gay-uncles-draft-2026-07.html,1418,open
gay-uncles,HG-2,body-copy,_data/archive/gay-uncles-draft-2026-07.html,1423,open
gay-uncles,HG-3,body-copy,_data/archive/gay-uncles-draft-2026-07.html,1428,open
gay-uncles,HG-4,body-copy,_data/archive/gay-uncles-draft-2026-07.html,1433,open
gay-uncles,HG-5,body-copy,_data/archive/gay-uncles-draft-2026-07.html,1438,open
gay-uncles,HG-1,body-copy,_data/archive/gay-uncles-draft-2026-07.html,1454,open
gay-uncles,HG-2,body-copy,_data/archive/gay-uncles-draft-2026-07.html,1456,open
gay-uncles,HG-3,body-copy,_data/archive/gay-uncles-draft-2026-07.html,1458,open
gay-uncles,HG-4,body-copy,_data/archive/gay-uncles-draft-2026-07.html,1460,open
gay-uncles,HG-5,body-copy,_data/archive/gay-uncles-draft-2026-07.html,1462,open
gay-uncles,,body-copy,_data/archive/gay-uncles-draft-2026-07.html,1478,open
gay-uncles,,body-copy,_data/archive/gay-uncles-draft-2026-07.html,1490,open
gay-uncles,YM-2,other-copy,_data/archive/gay-uncles-draft-2026-07.html,1492,open
gay-uncles,,other-copy,_data/archive/gay-uncles-draft-2026-07.html,1501,open
gay-uncles,,other-copy,_data/archive/gay-uncles-draft-2026-07.html,1516,open
gay-uncles,,share-copy,_data/archive/gay-uncles-draft-2026-07.html,1538,open
gay-uncles,,share-copy,_data/archive/gay-uncles-draft-2026-07.html,1544,open
gay-uncles,,share-copy,_data/archive/gay-uncles-draft-2026-07.html,1548,open
gay-uncles,,other-copy,_data/pieces/GAY-UNCLES-COPY.md,46,open
gay-uncles,M-2,brief-reference,_data/pieces/GAY-UNCLES-BRIEF.md,52,spec-reference
gay-uncles,M-3,brief-reference,_data/pieces/GAY-UNCLES-BRIEF.md,53,spec-reference
gay-uncles,YM-3,brief-reference,_data/pieces/GAY-UNCLES-BRIEF.md,63,spec-reference
gay-uncles,YM-4,brief-reference,_data/pieces/GAY-UNCLES-BRIEF.md,64,spec-reference
gay-uncles,,brief-reference,_data/pieces/GAY-UNCLES-BRIEF.md,166,spec-reference
gay-uncles,,brief-reference,_data/pieces/GAY-UNCLES-BRIEF.md,169,spec-reference
gay-uncles,,brief-reference,_data/pieces/GAY-UNCLES-BRIEF.md,172,spec-reference
gay-uncles,,brief-reference,_data/pieces/GAY-UNCLES-BRIEF.md,173,spec-reference
gay-uncles,,brief-reference,_data/pieces/GAY-UNCLES-BRIEF.md,178,spec-reference
gay-uncles,M-2,brief-reference,_data/pieces/GAY-UNCLES-BRIEF.md,179,spec-reference
gay-uncles,,brief-reference,_data/pieces/GAY-UNCLES-BRIEF.md,182,spec-reference
gay-uncles,,brief-reference,_data/pieces/GAY-UNCLES-BRIEF.md,185,spec-reference
gay-uncles,W-2,brief-reference,_data/pieces/GAY-UNCLES-BRIEF.md,186,spec-reference
gay-uncles,W-2,brief-reference,_data/pieces/GAY-UNCLES-BRIEF.md,187,spec-reference
gay-uncles,,brief-reference,_data/pieces/GAY-UNCLES-BRIEF.md,190,spec-reference
gay-uncles,,brief-reference,_data/pieces/GAY-UNCLES-BRIEF.md,222,spec-reference
gay-uncles,,section-headline,src/content/pieces/gay-uncles.mdx,64,open
gay-uncles,O-2,editorial-line,src/content/pieces/gay-uncles.mdx,73,written-elsewhere — written in _data/archive/gay-uncles-index-2026-05.html:908 .bbl-contrast-editorial; also gay-uncles-draft-2026-07.html:1058 and old/gay-uncles/index.new-2026-07-21.html:674
gay-uncles,GU-H2-MY-STORY,section-headline,src/content/pieces/gay-uncles.mdx,101,"written-elsewhere — written in _data/archive/gay-uncles-index-2026-05.html:961 ""I Wasn't Always This Size"""
gay-uncles,GU-H2-MAP,section-headline,src/content/pieces/gay-uncles.mdx,116,"written-elsewhere — written in _data/archive/gay-uncles-index-2026-05.html:1024 ""Where the Map Points"""
gay-uncles,GU-FIGURE-GAY-POP,figure,src/content/pieces/gay-uncles.mdx,122,"written-elsewhere — written in _archive/legacy-2026-08-13/gay-uncles/index.new.html:157 ""706k"" with Williams Institute stamp at :168"
gay-uncles,M-2,editorial-line,src/content/pieces/gay-uncles.mdx,127,open
gay-uncles,M-3,editorial-line,src/content/pieces/gay-uncles.mdx,137,open
gay-uncles,,section-headline,src/content/pieces/gay-uncles.mdx,162,open
gay-uncles,,share-copy,src/content/pieces/gay-uncles.mdx,268,open
gay-uncles,,section-headline,_archive/legacy-2026-08-13/gay-uncles/index.new.html,127,open
gay-uncles,O-2,editorial-line,_archive/legacy-2026-08-13/gay-uncles/index.new.html,165,open
gay-uncles,,section-headline,_archive/legacy-2026-08-13/gay-uncles/index.new.html,219,open
gay-uncles,,section-headline,_archive/legacy-2026-08-13/gay-uncles/index.new.html,240,open
gay-uncles,M-2,editorial-line,_archive/legacy-2026-08-13/gay-uncles/index.new.html,354,open
gay-uncles,M-3,editorial-line,_archive/legacy-2026-08-13/gay-uncles/index.new.html,379,open
gay-uncles,,section-headline,_archive/legacy-2026-08-13/gay-uncles/index.new.html,419,open
gay-uncles,W-2,editorial-line,_archive/legacy-2026-08-13/gay-uncles/index.new.html,544,open
gay-uncles,,share-copy,_archive/legacy-2026-08-13/gay-uncles/index.new.html,664,open
naming,,body-copy,public/naming/index.html,204,written-flagged
naming,,brief-reference,_data/archive/naming-part-1-BULLETS-2026-04-27.md,30,spec-reference
naming,,brief-reference,_data/archive/naming-part-1-BULLETS-2026-04-27.md,40,spec-reference
naming,,brief-reference,_data/archive/naming-part-1-BULLETS-2026-04-27.md,50,spec-reference
naming,,brief-reference,_data/archive/naming-part-1-BULLETS-2026-04-27.md,61,spec-reference
naming,,brief-reference,_data/archive/naming-part-1-BULLETS-2026-04-27.md,72,spec-reference
naming,,brief-reference,_data/archive/naming-part-0-BULLETS-2026-04-27.md,21,spec-reference
naming,,brief-reference,_data/archive/naming-part-0-BULLETS-2026-04-27.md,26,spec-reference
naming,,brief-reference,_data/archive/naming-part-0-BULLETS-2026-04-27.md,31,spec-reference
naming,,brief-reference,_data/archive/naming-part-0-BULLETS-2026-04-27.md,40,spec-reference
naming,,brief-reference,_data/archive/naming-part-0-BULLETS-2026-04-27.md,50,spec-reference
naming,,brief-reference,_data/archive/naming-part-0-BULLETS-2026-04-27.md,60,spec-reference
naming,,brief-reference,_data/archive/naming-part-2-BULLETS-2026-04-27.md,35,spec-reference
naming,,brief-reference,_data/archive/naming-part-2-BULLETS-2026-04-27.md,45,spec-reference
naming,,brief-reference,_data/archive/naming-part-2-BULLETS-2026-04-27.md,55,spec-reference
naming,,brief-reference,_data/archive/naming-part-2-BULLETS-2026-04-27.md,65,spec-reference
naming,,brief-reference,_data/archive/naming-part-2-BULLETS-2026-04-27.md,76,spec-reference
naming,,body-copy,_archive/legacy-2026-08-13/naming/index.html,204,"written-flagged — dek is written at :205, same copy as public/naming/index.html:205"
naming,,body-copy,_archive/legacy-2026-08-13/naming/part-3/index.html,213,flag-comment — comment naming a slot; the element it flags is written or is one of the 12 empty elements listed separately
naming,,other-copy,_archive/legacy-2026-08-13/naming/part-3/index.html,276,flag-comment — comment naming a slot; the element it flags is written or is one of the 12 empty elements listed separately
naming,,body-copy,_archive/legacy-2026-08-13/naming/part-3/index.html,279,flag-comment — comment naming a slot; the element it flags is written or is one of the 12 empty elements listed separately
naming,,body-copy,_archive/legacy-2026-08-13/naming/part-3/index.html,280,open — element contains the comment and no text
naming,,body-copy,_archive/legacy-2026-08-13/naming/part-3/index.html,281,open — element contains the comment and no text
naming,,body-copy,_archive/legacy-2026-08-13/naming/part-3/index.html,282,open — element contains the comment and no text
naming,,share-copy,_archive/legacy-2026-08-13/naming/part-3/index.html,302,flag-comment — comment naming a slot; the element it flags is written or is one of the 12 empty elements listed separately
naming,,other-copy,_archive/legacy-2026-08-13/naming/part-3/index.html,305,flag-comment — comment naming a slot; the element it flags is written or is one of the 12 empty elements listed separately
naming,,other-copy,_archive/legacy-2026-08-13/naming/part-3/index.html,333,flag-comment — comment naming a slot; the element it flags is written or is one of the 12 empty elements listed separately
naming,,body-copy,_archive/legacy-2026-08-13/naming/part-3/index.html,337,flag-comment — comment naming a slot; the element it flags is written or is one of the 12 empty elements listed separately
naming,,body-copy,_archive/legacy-2026-08-13/naming/part-3/index.html,338,open — element contains the comment and no text
naming,,body-copy,_archive/legacy-2026-08-13/naming/part-3/index.html,363,flag-comment — comment naming a slot; the element it flags is written or is one of the 12 empty elements listed separately
naming,,other-copy,_archive/legacy-2026-08-13/naming/part-3/index.html,364,open — element contains the comment and no text
naming,,other-copy,_archive/legacy-2026-08-13/naming/part-3/index.html,392,flag-comment — comment naming a slot; the element it flags is written or is one of the 12 empty elements listed separately
naming,,body-copy,_archive/legacy-2026-08-13/naming/part-3/index.html,396,flag-comment — comment naming a slot; the element it flags is written or is one of the 12 empty elements listed separately
naming,,body-copy,_archive/legacy-2026-08-13/naming/part-3/index.html,397,open — element contains the comment and no text
naming,,body-copy,_archive/legacy-2026-08-13/naming/part-3/index.html,422,flag-comment — comment naming a slot; the element it flags is written or is one of the 12 empty elements listed separately
naming,,other-copy,_archive/legacy-2026-08-13/naming/part-3/index.html,423,open — element contains the comment and no text
naming,,other-copy,_archive/legacy-2026-08-13/naming/part-3/index.html,452,flag-comment — comment naming a slot; the element it flags is written or is one of the 12 empty elements listed separately
naming,,body-copy,_archive/legacy-2026-08-13/naming/part-3/index.html,456,flag-comment — comment naming a slot; the element it flags is written or is one of the 12 empty elements listed separately
naming,,body-copy,_archive/legacy-2026-08-13/naming/part-3/index.html,457,open — element contains the comment and no text
naming,,body-copy,_archive/legacy-2026-08-13/naming/part-3/index.html,492,flag-comment — comment naming a slot; the element it flags is written or is one of the 12 empty elements listed separately
naming,,other-copy,_archive/legacy-2026-08-13/naming/part-3/index.html,493,open — element contains the comment and no text
naming,,other-copy,_archive/legacy-2026-08-13/naming/part-3/index.html,519,flag-comment — comment naming a slot; the element it flags is written or is one of the 12 empty elements listed separately
naming,,body-copy,_archive/legacy-2026-08-13/naming/part-3/index.html,522,flag-comment — comment naming a slot; the element it flags is written or is one of the 12 empty elements listed separately
naming,,body-copy,_archive/legacy-2026-08-13/naming/part-3/index.html,523,open — element contains the comment and no text
naming,,body-copy,_archive/legacy-2026-08-13/naming/part-3/index.html,524,open — element contains the comment and no text
naming,,body-copy,_archive/legacy-2026-08-13/naming/part-3/index.html,525,open — element contains the comment and no text
naming,,other-copy,_archive/legacy-2026-08-13/naming/part-3/index.html,540,flag-comment — comment naming a slot; the element it flags is written or is one of the 12 empty elements listed separately
wheres-beyonce,,editorial-line,_workbench/beyonce-cards.html,533,open
wheres-beyonce,,other-copy,_workbench/beyonce-cards.html,535,open
wheres-beyonce,,editorial-line,_workbench/beyonce-cards.html,545,open
wheres-beyonce,,other-copy,_workbench/beyonce-cards.html,560,open
wheres-beyonce,,other-copy,_workbench/beyonce-cards.html,564,open
wheres-beyonce,,editorial-line,_workbench/beyonce-cards.html,568,open
wheres-beyonce,,other-copy,_workbench/beyonce-cards.html,569,open
wheres-beyonce,,other-copy,_workbench/beyonce-cards.html,584,open
wheres-beyonce,,other-copy,_workbench/beyonce-cards.html,588,open
wheres-beyonce,,editorial-line,_workbench/beyonce-cards.html,592,open
wheres-beyonce,,other-copy,_workbench/beyonce-cards.html,593,open
wheres-beyonce,,other-copy,_workbench/beyonce-cards.html,613,open
wheres-beyonce,,editorial-line,_workbench/beyonce-cards.html,615,open
wheres-beyonce,,other-copy,_workbench/beyonce-cards.html,622,open
wheres-beyonce,,editorial-line,_workbench/beyonce-cards.html,624,open
wheres-beyonce,,other-copy,_workbench/beyonce-cards.html,625,open
wheres-beyonce,,other-copy,_workbench/beyonce-cards.html,627,open
wheres-beyonce,,editorial-line,_workbench/beyonce-cards.html,639,open
wheres-beyonce,,editorial-line,_workbench/beyonce-cards.html,641,open
wheres-beyonce,,other-copy,_workbench/beyonce-cards.html,642,open
wheres-beyonce,,editorial-line,_workbench/beyonce-cards.html,654,open
wheres-beyonce,,editorial-line,_workbench/beyonce-cards.html,656,open
wheres-beyonce,,other-copy,_workbench/beyonce-cards.html,657,open
wheres-beyonce,,other-copy,_workbench/beyonce-cards.html,672,open
wheres-beyonce,,body-copy,_workbench/beyonce-cards.html,673,open
wheres-beyonce,,other-copy,_workbench/beyonce-cards.html,679,open
wheres-beyonce,,body-copy,_workbench/beyonce-cards.html,680,open
wheres-beyonce,,other-copy,_workbench/beyonce-cards.html,686,open
wheres-beyonce,,body-copy,_workbench/beyonce-cards.html,687,open
wheres-beyonce,,other-copy,_workbench/beyonce-cards.html,693,open
wheres-beyonce,,body-copy,_workbench/beyonce-cards.html,694,open
wheres-beyonce,,other-copy,_workbench/beyonce-cards.html,698,open
wheres-beyonce,,other-copy,_workbench/beyonce-cards.html,713,open
wheres-beyonce,,body-copy,_workbench/beyonce-cards.html,714,open
wheres-beyonce,,other-copy,_workbench/beyonce-cards.html,720,open
wheres-beyonce,,body-copy,_workbench/beyonce-cards.html,721,open
wheres-beyonce,,other-copy,_workbench/beyonce-cards.html,727,open
wheres-beyonce,,body-copy,_workbench/beyonce-cards.html,728,open
wheres-beyonce,,other-copy,_workbench/beyonce-cards.html,734,open
wheres-beyonce,,body-copy,_workbench/beyonce-cards.html,735,open
wheres-beyonce,,other-copy,_workbench/beyonce-cards.html,739,open
wheres-beyonce,,other-copy,_workbench/beyonce-cards.html,753,open
wheres-beyonce,,other-copy,_workbench/beyonce-cards.html,754,open
wheres-beyonce,,other-copy,_workbench/beyonce-cards.html,759,open
wheres-beyonce,,other-copy,_workbench/beyonce-cards.html,760,open
wheres-beyonce,,other-copy,_workbench/beyonce-cards.html,764,open
btu,,brief-reference,_data/pieces/BTU-SESSION-STARTERS.md,283,spec-reference
copaganda,,other-copy,copaganda/visual-2a-producer-treemap.html,261,written-flagged
copaganda,,other-copy,copaganda/visual-2a-producer-treemap.html,267,written-flagged
copaganda,,other-copy,copaganda/visual-2b1-decade-totals.html,132,written-flagged
copaganda,,other-copy,copaganda/visual-2b3-decade-by-network.html,131,written-flagged
copaganda,,other-copy,copaganda/visual-2b2-decade-by-producer.html,131,written-flagged
crowning-achievements,,other-copy,crowning-achievements/week-1.html,836,written-flagged
crowning-achievements,,pull-quote,crowning-achievements/week-1.html,850,open
crowning-achievements,,other-copy,crowning-achievements/week-1.html,862,open
crowning-achievements,,other-copy,crowning-achievements/week-1.html,1072,written-flagged
crowning-achievements,,pull-quote,crowning-achievements/week-1.html,1086,open
crowning-achievements,,other-copy,crowning-achievements/week-1.html,1098,open
back-in-my-day,,brief-reference,_data/pieces/BACK-IN-MY-DAY-RESEARCH-2.md,501,spec-reference
gay-uncles,GU-DID-DATA,inline-clause,src/content/pieces/gay-uncles.mdx,174,open
gay-uncles,GU-DID-DATA,inline-clause,_data/pieces/GAY-UNCLES-COPY.md,78,open
gay-uncles,GU-DID-DATA,inline-clause,_archive/legacy-2026-08-13/gay-uncles/index.new.html,562,open
gay-uncles,GU-VALIDATED-CLAIM,inline-clause,src/content/pieces/gay-uncles.mdx,174,open
gay-uncles,GU-VALIDATED-CLAIM,inline-clause,_data/pieces/GAY-UNCLES-COPY.md,78,open
gay-uncles,GU-VALIDATED-CLAIM,inline-clause,_archive/legacy-2026-08-13/gay-uncles/index.new.html,562,open
